Year,Rate
2024,1451.649293
2025,1480.713579
2026,1509.777866
2027,1538.842152
2028,1567.906439
2029,1596.970725
2030,1626.035012
2031,1655.099298
2032,1684.163584
2033,1713.227871
2034,1742.292157
2035,1771.356444
2036,1800.42073
2037,1829.485017
2038,1858.549303
2039,1887.613589
2040,1916.677876
2041,1945.742162
2042,1974.806449
2043,2003.870735
2044,2032.935022
2045,2061.999308
2046,2091.063595
2047,2120.127881
2048,2149.192167
2049,2178.256454
2050,2207.32074
